{"cameraMode":{"drawMode":0,"name":"Shaded","section":"Shading Mode"},"sceneLighting":false,"audioPlay":false,"sceneViewState":{"m_AlwaysRefresh":false,"showFog":true,"showSkybox":false,"showFlares":true,"showImageEffects":true,"showParticleSystems":true,"showVisualEffectGraphs":true,"m_FxEnabled":true},"in2DMode":false,"pivot":{"x":0.24969545006752015,"y":0.23034654557704926,"z":0.26153162121772768},"rotation":{"x":0.07573289424180985,"y":-0.9043440222740173,"z":0.18814997375011445,"w":0.3746095895767212},"size":0.09779474884271622,"orthographic":false}