{"cameraMode":{"drawMode":0,"name":"Shaded","section":"Shading Mode"},"sceneLighting":false,"audioPlay":false,"sceneViewState":{"m_AlwaysRefresh":false,"showFog":true,"showSkybox":false,"showFlares":true,"showImageEffects":true,"showParticleSystems":true,"showVisualEffectGraphs":true,"m_FxEnabled":true},"in2DMode":false,"pivot":{"x":0.3220767080783844,"y":1.8344320058822632,"z":1.4531354904174805},"rotation":{"x":0.029595235362648965,"y":-0.9677009582519531,"z":0.18875320255756379,"w":0.16232268512248994},"size":0.5629454255104065,"orthographic":false}