{"cameraMode":{"drawMode":0,"name":"Shaded","section":"Shading Mode"},"sceneLighting":false,"audioPlay":false,"sceneViewState":{"m_AlwaysRefresh":false,"showFog":true,"showSkybox":false,"showFlares":true,"showImageEffects":true,"showParticleSystems":true,"showVisualEffectGraphs":true,"m_FxEnabled":true},"in2DMode":false,"pivot":{"x":-1.5276998281478882,"y":0.7807066440582275,"z":0.3700411021709442},"rotation":{"x":0.10972649604082108,"y":-0.6419673562049866,"z":0.09743685275316239,"w":0.7520828247070313},"size":2.8774406909942629,"orthographic":false}