{"cameraMode":{"drawMode":0,"name":"Shaded","section":"Shading Mode"},"sceneLighting":false,"audioPlay":false,"sceneViewState":{"m_AlwaysRefresh":false,"showFog":true,"showSkybox":false,"showFlares":true,"showImageEffects":true,"showParticleSystems":true,"showVisualEffectGraphs":true,"m_FxEnabled":true},"in2DMode":false,"pivot":{"x":0.038537394255399707,"y":1.208567500114441,"z":-0.7423091530799866},"rotation":{"x":-0.0012071417877450586,"y":-0.9976866841316223,"z":0.016300922259688379,"w":0.059880610555410388},"size":2.0049936771392824,"orthographic":false}