{"cameraMode":{"drawMode":0,"name":"Shaded","section":"Shading Mode"},"sceneLighting":false,"audioPlay":false,"sceneViewState":{"m_AlwaysRefresh":false,"showFog":true,"showSkybox":false,"showFlares":true,"showImageEffects":true,"showParticleSystems":true,"showVisualEffectGraphs":true,"m_FxEnabled":true},"in2DMode":false,"pivot":{"x":-0.20387744903564454,"y":-0.5662161111831665,"z":-2.2494094371795656},"rotation":{"x":0.009745794348418713,"y":-0.9737035632133484,"z":0.21960334479808808,"w":0.05302070826292038},"size":2.0049936771392824,"orthographic":false}