{"cameraMode":{"drawMode":0,"name":"Shaded","section":"Shading Mode"},"sceneLighting":false,"audioPlay":false,"sceneViewState":{"m_AlwaysRefresh":false,"showFog":true,"showSkybox":false,"showFlares":true,"showImageEffects":true,"showParticleSystems":true,"showVisualEffectGraphs":true,"m_FxEnabled":true},"in2DMode":false,"pivot":{"x":-0.2775048613548279,"y":0.03886737674474716,"z":-0.17009781301021577},"rotation":{"x":-0.07239851355552674,"y":-0.49318835139274599,"z":0.03873879462480545,"w":-0.8656019568443298},"size":0.07823579758405686,"orthographic":false}