{"cameraMode":{"drawMode":2,"name":"Shaded Wireframe","section":"Shading Mode"},"sceneLighting":true,"audioPlay":false,"sceneViewState":{"m_AlwaysRefresh":false,"showFog":true,"showSkybox":true,"showFlares":true,"showImageEffects":true,"showParticleSystems":true,"showVisualEffectGraphs":true,"m_FxEnabled":true},"in2DMode":false,"pivot":{"x":13.42616081237793,"y":23.999563217163087,"z":31.77364730834961},"rotation":{"x":-0.000040233608160633594,"y":-0.9993045330047607,"z":0.0009043365716934204,"w":-0.03387630730867386},"size":1.0099505186080933,"orthographic":false}