{"cameraMode":{"drawMode":0,"name":"Shaded","section":"Shading Mode"},"sceneLighting":true,"audioPlay":false,"sceneViewState":{"m_AlwaysRefresh":false,"showFog":true,"showSkybox":true,"showFlares":true,"showImageEffects":true,"showParticleSystems":true,"showVisualEffectGraphs":true,"m_FxEnabled":true},"in2DMode":false,"pivot":{"x":13.426483154296875,"y":-21.617801666259767,"z":393.46624755859377},"rotation":{"x":0.11643493920564652,"y":0.20611295104026795,"z":-0.025089764967560769,"w":0.9711320400238037},"size":86.07594299316406,"orthographic":false}