{"cameraMode":{"drawMode":2,"name":"Shaded Wireframe","section":"Shading Mode"},"sceneLighting":true,"audioPlay":false,"sceneViewState":{"m_AlwaysRefresh":false,"showFog":true,"showSkybox":true,"showFlares":true,"showImageEffects":true,"showParticleSystems":true,"showVisualEffectGraphs":true,"m_FxEnabled":true},"in2DMode":false,"pivot":{"x":0.07401938736438751,"y":-38.9005126953125,"z":0.024789810180664064},"rotation":{"x":-0.051523495465517047,"y":-0.04011433944106102,"z":-0.00208196765743196,"w":0.9977468252182007},"size":0.7141435742378235,"orthographic":false}