{"cameraMode":{"drawMode":0,"name":"Shaded","section":"Shading Mode"},"sceneLighting":false,"audioPlay":false,"sceneViewState":{"m_AlwaysRefresh":false,"showFog":true,"showSkybox":false,"showFlares":true,"showImageEffects":true,"showParticleSystems":true,"showVisualEffectGraphs":true,"m_FxEnabled":true},"in2DMode":false,"pivot":{"x":0.24427811801433564,"y":0.3227844536304474,"z":0.17470408976078034},"rotation":{"x":0.10177319496870041,"y":-0.891423761844635,"z":0.2607553005218506,"w":0.3554011881351471},"size":0.4041759669780731,"orthographic":false}