{"cameraMode":{"drawMode":0,"name":"Shaded","section":"Shading Mode"},"sceneLighting":false,"audioPlay":false,"sceneViewState":{"m_AlwaysRefresh":false,"showFog":true,"showSkybox":false,"showFlares":true,"showImageEffects":true,"showParticleSystems":true,"showVisualEffectGraphs":true,"m_FxEnabled":true},"in2DMode":false,"pivot":{"x":-0.09719353914260864,"y":0.4736822247505188,"z":0.0429987907409668},"rotation":{"x":0.03783692792057991,"y":-0.9562141299247742,"z":0.24225443601608277,"w":0.15756016969680787},"size":0.7088723182678223,"orthographic":false}