{"cameraMode":{"drawMode":0,"name":"Shaded","section":"Shading Mode"},"sceneLighting":false,"audioPlay":false,"sceneViewState":{"m_AlwaysRefresh":false,"showFog":true,"showSkybox":false,"showFlares":true,"showImageEffects":true,"showParticleSystems":true,"showVisualEffectGraphs":true,"m_FxEnabled":true},"in2DMode":false,"pivot":{"x":-0.47764313220977785,"y":-0.20264966785907746,"z":0.501511812210083},"rotation":{"x":0.1557101011276245,"y":-0.3714708983898163,"z":0.06333726644515991,"w":0.913071870803833},"size":0.5744562745094299,"orthographic":false}