{"cameraMode":{"drawMode":0,"name":"Shaded","section":"Shading Mode"},"sceneLighting":false,"audioPlay":false,"sceneViewState":{"m_AlwaysRefresh":false,"showFog":true,"showSkybox":false,"showFlares":true,"showImageEffects":true,"showParticleSystems":true,"showVisualEffectGraphs":true,"m_FxEnabled":true},"in2DMode":false,"pivot":{"x":0.1197187602519989,"y":0.2662516236305237,"z":0.3364182710647583},"rotation":{"x":0.041300058364868167,"y":-0.9498414993286133,"z":0.2675185203552246,"w":0.1541830152273178},"size":0.08660253882408142,"orthographic":false}