{"cameraMode":{"drawMode":0,"name":"Shaded","section":"Shading Mode"},"sceneLighting":false,"audioPlay":false,"sceneViewState":{"m_AlwaysRefresh":false,"showFog":true,"showSkybox":false,"showFlares":true,"showImageEffects":true,"showParticleSystems":true,"showVisualEffectGraphs":true,"m_FxEnabled":true},"in2DMode":false,"pivot":{"x":1.872023582458496,"y":1.3083901405334473,"z":1.877376675605774},"rotation":{"x":-0.10197471082210541,"y":0.8833348751068115,"z":-0.23570619523525239,"w":-0.39135977625846865},"size":0.6928203105926514,"orthographic":false}