{"cameraMode":{"drawMode":0,"name":"Shaded","section":"Shading Mode"},"sceneLighting":false,"audioPlay":false,"sceneViewState":{"m_AlwaysRefresh":false,"showFog":true,"showSkybox":false,"showFlares":true,"showImageEffects":true,"showParticleSystems":true,"showVisualEffectGraphs":true,"m_FxEnabled":true},"in2DMode":false,"pivot":{"x":-0.08675623685121536,"y":0.4388040006160736,"z":0.03276284784078598},"rotation":{"x":-0.03285497426986694,"y":0.9629837870597839,"z":-0.21499693393707276,"w":-0.15735246241092683},"size":0.6928203105926514,"orthographic":false}