{"cameraMode":{"drawMode":0,"name":"Shaded","section":"Shading Mode"},"sceneLighting":false,"audioPlay":false,"sceneViewState":{"m_AlwaysRefresh":false,"showFog":true,"showSkybox":false,"showFlares":true,"showImageEffects":true,"showParticleSystems":true,"showVisualEffectGraphs":true,"m_FxEnabled":true},"in2DMode":false,"pivot":{"x":-0.3786505162715912,"y":0.2488691657781601,"z":-0.08458619564771652},"rotation":{"x":-0.17439976334571839,"y":-0.6656287312507629,"z":0.1609785556793213,"w":-0.7070059776306152},"size":0.07909085601568222,"orthographic":false}