{"cameraMode":{"drawMode":0,"name":"Shaded","section":"Shading Mode"},"sceneLighting":false,"audioPlay":false,"sceneViewState":{"m_AlwaysRefresh":false,"showFog":true,"showSkybox":false,"showFlares":true,"showImageEffects":true,"showParticleSystems":true,"showVisualEffectGraphs":true,"m_FxEnabled":true},"in2DMode":false,"pivot":{"x":-2.0770158767700197,"y":-0.18361899256706239,"z":1.1106244325637818},"rotation":{"x":-0.12453316152095795,"y":0.5677180886268616,"z":-0.0898173600435257,"w":-0.8082838654518127},"size":2.0445048809051515,"orthographic":false}