{"cameraMode":{"drawMode":0,"name":"Shaded","section":"Shading Mode"},"sceneLighting":false,"audioPlay":false,"sceneViewState":{"m_AlwaysRefresh":false,"showFog":true,"showSkybox":false,"showFlares":true,"showImageEffects":true,"showParticleSystems":true,"showVisualEffectGraphs":true,"m_FxEnabled":true},"in2DMode":false,"pivot":{"x":-1.820078730583191,"y":-0.28101301193237307,"z":0.17310351133346559},"rotation":{"x":-0.14546070992946626,"y":0.5966998338699341,"z":-0.11361650377511978,"w":-0.7804386615753174},"size":2.0445048809051515,"orthographic":false}