{"cameraMode":{"drawMode":0,"name":"Shaded","section":"Shading Mode"},"sceneLighting":false,"audioPlay":false,"sceneViewState":{"m_AlwaysRefresh":false,"showFog":true,"showSkybox":false,"showFlares":true,"showImageEffects":true,"showParticleSystems":true,"showVisualEffectGraphs":true,"m_FxEnabled":true},"in2DMode":false,"pivot":{"x":-0.46002599596977236,"y":0.0928439348936081,"z":-0.43403494358062746},"rotation":{"x":0.030302129685878755,"y":0.3521997332572937,"z":-0.00972517766058445,"w":0.9350418448448181},"size":0.33353662490844729,"orthographic":false}