{"cameraMode":{"drawMode":0,"name":"Shaded","section":"Shading Mode"},"sceneLighting":false,"audioPlay":false,"sceneViewState":{"m_AlwaysRefresh":false,"showFog":true,"showSkybox":false,"showFlares":true,"showImageEffects":true,"showParticleSystems":true,"showVisualEffectGraphs":true,"m_FxEnabled":true},"in2DMode":false,"pivot":{"x":-2.1963396072387697,"y":1.5821528434753419,"z":-0.5317487716674805},"rotation":{"x":0.07308787852525711,"y":0.6459270119667053,"z":-0.05920778587460518,"w":0.7570703029632568},"size":0.5744562745094299,"orthographic":false}