{"cameraMode":{"drawMode":0,"name":"Shaded","section":"Shading Mode"},"sceneLighting":false,"audioPlay":false,"sceneViewState":{"m_AlwaysRefresh":false,"showFog":true,"showSkybox":false,"showFlares":true,"showImageEffects":true,"showParticleSystems":true,"showVisualEffectGraphs":true,"m_FxEnabled":true},"in2DMode":false,"pivot":{"x":-0.0014615952968597413,"y":0.08368610590696335,"z":-0.00138092041015625},"rotation":{"x":0.12503181397914887,"y":-0.49409914016723635,"z":0.07391569763422013,"w":0.8568134903907776},"size":0.4330126941204071,"orthographic":false}