{"cameraMode":{"drawMode":0,"name":"Shaded","section":"Shading Mode"},"sceneLighting":false,"audioPlay":false,"sceneViewState":{"m_AlwaysRefresh":false,"showFog":true,"showSkybox":false,"showFlares":true,"showImageEffects":true,"showParticleSystems":true,"showVisualEffectGraphs":true,"m_FxEnabled":true},"in2DMode":false,"pivot":{"x":0.2919340133666992,"y":3.306533098220825,"z":-0.40868353843688967},"rotation":{"x":0.005478668957948685,"y":0.8768899440765381,"z":0.005885272286832333,"w":-0.47980552911758425},"size":3.7225899696350099,"orthographic":false}