{"cameraMode":{"drawMode":0,"name":"Shaded","section":"Shading Mode"},"sceneLighting":false,"audioPlay":false,"sceneViewState":{"m_AlwaysRefresh":false,"showFog":true,"showSkybox":false,"showFlares":true,"showImageEffects":true,"showParticleSystems":true,"showVisualEffectGraphs":true,"m_FxEnabled":true},"in2DMode":false,"pivot":{"x":-1.9721603393554688,"y":2.0251827239990236,"z":0.08925652503967285},"rotation":{"x":-0.10501883924007416,"y":-0.802237331867218,"z":0.14166580140590669,"w":-0.5697588920593262},"size":2.8180034160614015,"orthographic":false}