{"cameraMode":{"drawMode":0,"name":"Shaded","section":"Shading Mode"},"sceneLighting":false,"audioPlay":false,"sceneViewState":{"m_AlwaysRefresh":false,"showFog":true,"showSkybox":false,"showFlares":true,"showImageEffects":true,"showParticleSystems":true,"showVisualEffectGraphs":true,"m_FxEnabled":true},"in2DMode":false,"pivot":{"x":-0.18201975524425507,"y":0.180349662899971,"z":0.11926484107971192},"rotation":{"x":0.06058409437537193,"y":0.9379746317863464,"z":-0.20123684406280518,"w":0.27457717061042788},"size":0.09779474884271622,"orthographic":false}