{"cameraMode":{"drawMode":0,"name":"Shaded","section":"Shading Mode"},"sceneLighting":false,"audioPlay":false,"sceneViewState":{"m_AlwaysRefresh":false,"showFog":true,"showSkybox":false,"showFlares":true,"showImageEffects":true,"showParticleSystems":true,"showVisualEffectGraphs":true,"m_FxEnabled":true},"in2DMode":false,"pivot":{"x":-0.19534516334533692,"y":0.45026731491088869,"z":-0.27268099784851076},"rotation":{"x":-0.1036653220653534,"y":-0.29746687412261965,"z":0.03053801693022251,"w":-0.9482545256614685},"size":0.7038527727127075,"orthographic":false}