{"cameraMode":{"drawMode":0,"name":"Shaded","section":"Shading Mode"},"sceneLighting":false,"audioPlay":false,"sceneViewState":{"m_AlwaysRefresh":false,"showFog":true,"showSkybox":false,"showFlares":true,"showImageEffects":true,"showParticleSystems":true,"showVisualEffectGraphs":true,"m_FxEnabled":true},"in2DMode":false,"pivot":{"x":0.553085207939148,"y":-0.47889629006385805,"z":1.030644416809082},"rotation":{"x":0.20002590119838715,"y":0.2141840159893036,"z":-0.04158499091863632,"w":0.9548189043998718},"size":0.9983214735984802,"orthographic":false}