{"cameraMode":{"drawMode":0,"name":"Shaded","section":"Shading Mode"},"sceneLighting":false,"audioPlay":false,"sceneViewState":{"m_AlwaysRefresh":false,"showFog":true,"showSkybox":false,"showFlares":true,"showImageEffects":true,"showParticleSystems":true,"showVisualEffectGraphs":true,"m_FxEnabled":true},"in2DMode":false,"pivot":{"x":-0.18093085289001466,"y":0.8729700446128845,"z":-0.2171993851661682},"rotation":{"x":0.020311743021011354,"y":-0.9474402666091919,"z":0.310758113861084,"w":0.06828916817903519},"size":0.7088723182678223,"orthographic":false}