{"cameraMode":{"drawMode":0,"name":"Shaded","section":"Shading Mode"},"sceneLighting":false,"audioPlay":false,"sceneViewState":{"m_AlwaysRefresh":false,"showFog":true,"showSkybox":false,"showFlares":true,"showImageEffects":true,"showParticleSystems":true,"showVisualEffectGraphs":true,"m_FxEnabled":true},"in2DMode":false,"pivot":{"x":-0.7289106249809265,"y":1.4414193630218506,"z":-0.5245088338851929},"rotation":{"x":0.06920868903398514,"y":-0.8968892097473145,"z":0.15734106302261353,"w":0.4066111445426941},"size":1.2247449159622193,"orthographic":false}