{"cameraMode":{"drawMode":0,"name":"Shaded","section":"Shading Mode"},"sceneLighting":false,"audioPlay":false,"sceneViewState":{"m_AlwaysRefresh":false,"showFog":true,"showSkybox":false,"showFlares":true,"showImageEffects":true,"showParticleSystems":true,"showVisualEffectGraphs":true,"m_FxEnabled":true},"in2DMode":false,"pivot":{"x":-0.5424497723579407,"y":0.18558534979820252,"z":-0.29674962162971499},"rotation":{"x":0.16050079464912415,"y":0.4668535888195038,"z":-0.08627833425998688,"w":0.86500084400177},"size":0.09779474884271622,"orthographic":false}