{"cameraMode":{"drawMode":0,"name":"Shaded","section":"Shading Mode"},"sceneLighting":false,"audioPlay":false,"sceneViewState":{"m_AlwaysRefresh":false,"showFog":true,"showSkybox":false,"showFlares":true,"showImageEffects":true,"showParticleSystems":true,"showVisualEffectGraphs":true,"m_FxEnabled":true},"in2DMode":false,"pivot":{"x":-0.5070251226425171,"y":1.1159495115280152,"z":0.3162291646003723},"rotation":{"x":0.08422182500362396,"y":-0.6450232267379761,"z":0.07236044853925705,"w":0.7556390166282654},"size":0.9055407047271729,"orthographic":false}