{"cameraMode":{"drawMode":0,"name":"Shaded","section":"Shading Mode"},"sceneLighting":false,"audioPlay":false,"sceneViewState":{"m_AlwaysRefresh":false,"showFog":true,"showSkybox":false,"showFlares":true,"showImageEffects":true,"showParticleSystems":true,"showVisualEffectGraphs":true,"m_FxEnabled":true},"in2DMode":false,"pivot":{"x":1.569820523262024,"y":1.0389256477355958,"z":-0.583343505859375},"rotation":{"x":-0.01127576269209385,"y":0.40398794412612917,"z":-0.007137111853808165,"w":-0.9142322540283203},"size":2.0049936771392824,"orthographic":false}