{"cameraMode":{"drawMode":0,"name":"Shaded","section":"Shading Mode"},"sceneLighting":false,"audioPlay":false,"sceneViewState":{"m_AlwaysRefresh":false,"showFog":true,"showSkybox":false,"showFlares":true,"showImageEffects":true,"showParticleSystems":true,"showVisualEffectGraphs":true,"m_FxEnabled":true},"in2DMode":false,"pivot":{"x":0.7424814701080322,"y":4.259140968322754,"z":0.018799781799316407},"rotation":{"x":-0.04618857428431511,"y":0.2583743631839752,"z":-0.01411427091807127,"w":-0.9645213484764099},"size":2.3450241088867189,"orthographic":false}